{
  "formatVersion": 1,
  "database": {
    "version": 1,
    "identityHash": "847fbacc72515e2c4dc9985eefeb45f9",
    "entities": [
      {
        "tableName": "history",
        "createSql": "CREATE TABLE IF NOT EXISTS `${TABLE_NAME}` (`id` INTEGER PRIMARY KEY AUTOINCREMENT, `formula` TEXT NOT NULL, `result` TEXT NOT NULL, `timestamp` INTEGER NOT NULL)",
        "fields": [
          {
            "fieldPath": "id",
            "columnName": "id",
            "affinity": "INTEGER",
            "notNull": false
          },
          {
            "fieldPath": "formula",
            "columnName": "formula",
            "affinity": "TEXT",
            "notNull": true
          },
          {
            "fieldPath": "result",
            "columnName": "result",
            "affinity": "TEXT",
            "notNull": true
          },
          {
            "fieldPath": "timestamp",
            "columnName": "timestamp",
            "affinity": "INTEGER",
            "notNull": true
          }
        ],
        "primaryKey": {
          "autoGenerate": true,
          "columnNames": [
            "id"
          ]
        },
        "indices": [
          {
            "name": "index_history_id",
            "unique": true,
            "columnNames": [
              "id"
            ],
            "orders": [],
            "createSql": "CREATE UNIQUE INDEX IF NOT EXISTS `index_history_id` ON `${TABLE_NAME}` (`id`)"
          }
        ],
        "foreignKeys": []
      }
    ],
    "views": [],
    "setupQueries": [
      "CREATE TABLE IF NOT EXISTS room_master_table (id INTEGER PRIMARY KEY,identity_hash TEXT)",
      "INSERT OR REPLACE INTO room_master_table (id,identity_hash) VALUES(42, '847fbacc72515e2c4dc9985eefeb45f9')"
    ]
  }
}